name,total_weight,number_of_years,number_of_songs,release_year_mean,release_year_stdev
1963,1387,2,74,1963.2027027027027,0.49600402477735506
60s,51629,9,851,1967.9823736780259,5.1726356468916865
oldies,54645,19,1617,1973.17439703154,7.542405696217077
Surf,1375,8,25,1967.88,9.337737056339364
classic rock,74402,30,1489,1977.540631296172,9.396929255874335
pop,200164,52,4102,1990.0799609946368,15.425112868202012
rock,103328,46,2223,1984.8587494376968,13.934778760405804
surf rock,814,8,24,1969.0833333333333,11.454699687356985
Rock and Roll,1847,15,134,1968.9850746268658,8.058046064981658
happy,5279,41,429,1988.988344988345,16.908836220982053
California,590,24,49,1986.6938775510205,17.440618396949898
rock n roll,2828,24,193,1973.9274611398964,10.39956540957926
party,10611,32,788,1998.3654822335025,14.176449371892772
summer,4684,30,283,1999.1625441696112,15.889302678328542
Love,29039,44,1723,1992.0655832849682,14.428637905406797
upbeat,2657,35,284,1990.031690140845,15.894608147358179
american,18982,37,1505,1995.2963455149502,14.958271521195778
fun,5104,40,475,1992.2189473684211,14.507180636804302
female vocalists,62705,44,1476,1993.718834688347,14.380549867982618
country,28916,34,399,1991.842105263158,17.143134687492687
Soundtrack,12635,39,487,1985.8501026694046,14.356431108982768
sad,4627,37,354,1994.5790960451977,13.726825467826746
melancholy,1484,34,162,1986.851851851852,13.767466476999576
classic country,3340,20,119,1979.218487394958,11.615419080020349
romantic,11015,36,719,1987.616133518776,12.341025454292076
female vocalist,9466,44,821,1993.7600487210718,13.274481736153657
female,3067,33,356,1995.5533707865168,12.190273882820945
classic,5371,40,570,1983.9228070175438,12.61548435589652
folk,10069,23,281,1982.6085409252669,16.41394654182179
Mellow,8970,38,745,1987.4,13.035353087182829
melancholic,626,28,75,1994.1466666666668,15.785464861729631
country pop,1560,24,80,1998.275,14.957302098839529
heartbreak,603,24,53,1996.3962264150944,14.28600663188324
doo wop,1084,10,47,1969.531914893617,12.678038292619295
easy listening,18151,34,958,1981.8966597077244,12.304426967562025
Ballad,13181,38,762,1990.8123359580052,13.299055129409702
soul,77751,43,1552,1987.1900773195875,15.027954334189488
Girl Groups,1053,19,70,1984.2857142857142,14.98128577243773
girl group,649,11,37,1971.6216216216217,13.489401912759659
motown,12529,20,278,1974.158273381295,8.599604552074977
rhythm and blues,6535,33,456,1983.0504385964912,15.004895897876514
male vocalists,18542,53,1592,1989.7939698492462,15.520680676692377
sixties,509,8,46,1965.0869565217392,2.1168749184327957
love songs,14877,32,949,1988.1253951527924,11.595051959062193
duets,1753,25,79,1987.253164556962,12.866641777341126
lovesongs,880,18,67,1988.4626865671642,8.687030315550976
billboard number ones,1920,27,148,1983.9932432432433,12.66012897249843
jazz,5161,30,168,1978.654761904762,13.102538079875515
Stevie Wonder,690,18,27,1976.4074074074074,7.153585756373455
instrumental,4697,21,97,1980.4226804123712,17.45699182487874
singer-songwriter,17408,39,760,1987.525,15.007311568932298
funk,21636,29,587,1983.4241908006813,12.966047582658002
r&b,17432,27,897,1998.3790412486064,12.414220225689277
male vocalist,3225,43,350,1991.9685714285715,15.414488615305656
Old School soul,4543,27,263,1976.958174904943,8.164936185657325
critically acclaimed song,1464,28,121,1979.4297520661157,14.547523527093876
lounge,592,24,55,1979.3272727272727,14.432543660017679
smooth,4769,31,379,1992.2427440633246,11.897008154666732
Sentimental,421,30,54,1983.2407407407406,10.02061118383276
slow,2046,34,232,1992.853448275862,11.1158825650857
60's,822,10,88,1966.4318181818182,2.9509221412642446
dance,52427,39,1595,1996.0815047021943,13.10016915396251
handclaps,580,22,49,1978.4897959183672,18.381515227010432
Retro,583,30,68,1981.7058823529412,15.211012137744461
60s pop,431,8,42,1966.0,2.2739242967427638
favorite songs,1663,30,175,1993.537142857143,13.494466420489823
bubblegum,1623,12,73,1977.054794520548,14.159694765776893
1960s,732,7,70,1965.9285714285713,2.1624022375249714
chillout,3158,30,323,1997.3560371517028,12.819586107740404
chill,4565,31,402,1997.7537313432836,12.932649186073114
favorites,10790,42,1293,1991.0193348801238,13.482258627533
catchy,6542,30,568,1997.7728873239437,15.585668272276763
soft rock,20422,26,958,1983.0469728601252,10.218556594393647
beautiful,6412,44,614,1992.7361563517916,14.623120608402287
Soundtracks,574,26,53,1985.377358490566,11.280047761584543
great,445,35,47,1986.787234042553,18.862126960857612
World Music,516,17,56,2005.3214285714287,15.870048568244572
Favorite,3473,29,294,1998.3843537414966,13.639879297856906
top 40,5511,35,481,1992.7962577962578,15.331614482284722
best,1478,24,122,1981.0901639344263,13.834920542568518
hit,589,23,57,2001.7368421052631,17.102136787745764
one hit wonder,1800,31,128,1988.5625,12.894941937017595
GH10,685,10,61,1966.4262295081967,3.59842102591976
fH Projex,732,22,68,1974.9264705882354,9.532843738643296
classic soul,1425,25,130,1974.053846153846,7.5742439318349515
rnb,77241,30,1613,1995.542467451953,14.057316670418295
great song,1413,35,143,1992.7902097902097,15.100066759880939
beach music,448,13,20,1976.85,18.601853331547936
Beach,375,17,24,1991.4583333333333,20.04772385793604
nostalgia,1665,23,183,1993.5792349726776,9.438814268547338
major key tonality,442,22,35,1986.2285714285715,16.754429992385532
all time favorites,480,30,44,1981.3181818181818,11.762717466586176
mild rhythmic syncopation,355,13,19,1999.7894736842106,19.54362341978245
my favorite,1766,32,187,1991.6310160427809,13.145492728294125
early 60s,497,4,31,1963.483870967742,0.8896054459491385
billboard top 10,590,18,53,1997.9433962264152,7.998593853199887
special to me songs,353,17,27,1979.7037037037037,11.779430621001413
folk-rock,402,22,42,1973.404761904762,8.439337402639293
cover,5419,37,258,1981.9031007751937,13.332412381852203
folk rock,2814,21,163,1977.3251533742332,13.566427077501675
acoustic,5226,34,245,1992.604081632653,16.07979537611008
political,448,25,36,1984.5833333333333,17.90670265570968
70s,72182,13,1293,1975.447795823666,5.371473659152882
Awesome,4285,33,378,1999.3624338624338,14.859674889686492
guitar,2862,39,252,1987.2261904761904,14.547094443374277
soft,884,33,103,1988.8446601941748,11.816204627339722
great lyrics,317,22,34,2001.7058823529412,15.094709913730675
love at first listen,7764,10,387,2010.8940568475452,8.095712472806568
melodic rock,340,19,34,1987.1176470588234,8.22326598054625
4 of 10 stars,377,19,26,1987.7692307692307,16.635642920687356
easy,400,26,43,1982.1860465116279,13.033392669369539
70's,1294,13,122,1974.9918032786886,3.711710086016119
weallgetold,463,17,34,1972.7941176470588,7.256259207243733
Grammy nominated,465,18,30,1974.3333333333333,9.639478213569708
swing,915,13,23,1972.1739130434783,12.466873100388316
Classical,342,15,23,1984.6521739130435,18.70004544392187
adult contemporary,3692,31,295,1984.6101694915253,10.392332582331417
cool,1571,37,176,1994.3352272727273,15.036189029121726
50s,579,10,26,1966.0,3.752332607858744
romance,418,24,36,1990.7222222222222,13.03536094324338
feelings,434,20,25,1980.4,14.476993242152645
AM Gold,3546,16,183,1973.2732240437158,4.278966444615334
60s Gold,424,9,30,1967.2333333333333,2.0956989342433006
USA,1758,33,143,1984.4055944055945,14.15220968275828
marvin gaye,347,11,18,1971.3333333333333,8.94427190999916
acclaimed music top 3000 bubbling under,1044,26,89,1976.8539325842696,12.082623286993742
nostalgic,473,33,59,1989.2033898305085,11.64826413146811
saxophone,769,18,50,1986.74,11.890332207301864
close harmony,920,22,91,1973.3736263736264,10.077089914640096
names,394,20,34,1974.7941176470588,11.577877053961526
8 of 10 stars,739,23,65,1994.7846153846153,15.940800940209517
sweet,1278,31,138,1997.1376811594203,14.660733607572208
latin,3832,27,87,1994.4942528735633,13.665330060274492
RB,2197,36,195,1985.9076923076923,14.051880760045188
Rock  Roll,317,13,24,1969.875,6.381443887315513
beat,468,18,49,1975.4285714285713,18.335984656770776
malloy2000 playlist - top songs - classical to metal,316,15,21,1979.3809523809523,11.047516419884564
us number one,1665,26,121,1995.719008264463,14.447735197656337
Oldies Tag,1496,24,113,1977.2477876106195,11.315705720567674
tantotempotaste,331,20,39,1973.4871794871794,7.742132831637936
Favourites,704,34,97,1987.7319587628865,14.546273480343633
freedom,345,16,24,1984.5416666666667,10.554122074034542
all the best,742,32,87,1984.16091954023,12.144358019374812
Radio Music,4536,19,267,1980.2022471910113,10.060545780290129
billboard,3910,11,196,1979.4132653061224,13.822969644613938
Radiotsar approved,1474,18,124,1971.1451612903227,6.03875498446425
malesinger,361,26,43,1979.5813953488373,15.512257147693507
sexy,11563,28,696,1998.903735632184,10.901821528702355
favourite,668,28,84,1995.404761904762,15.240338869536016
fip,1219,17,73,1984.123287671233,20.63501959014191
slow jams,11004,24,334,1995.9461077844312,8.905751075714045
Old School Slow Jams,1253,25,67,1977.7910447761194,7.94400348162981
northern soul,1700,10,55,1967.4363636363637,3.0596758262299883
piano,4227,42,234,1990.7435897435898,15.498942977195782
lovely,604,24,54,1995.3703703703704,16.249582051282722
alternative,20908,29,617,2000.9076175040518,10.658492604806089
ambient,537,17,28,1992.9642857142858,15.152269461743012
new age,690,14,21,1994.1904761904761,17.14240078757654
relaxing,1414,36,161,1988.608695652174,12.282189296417943
mod,411,9,35,1966.1714285714286,3.7922964816904834
somafm,525,15,31,1973.0967741935483,14.97409950260711
7soul,368,9,20,1968.35,3.5581633346137265
bubblegum pop,435,18,30,1984.5666666666666,17.85320087853143
indie rock,2114,17,99,2006.5555555555557,9.8604779267189
title is a full sentence,377,21,37,1974.2162162162163,9.916695056360302
blues,4784,34,219,1979.5342465753424,14.642920002369829
r and b,3117,23,254,1997.0472440944882,10.161041828035719
love song,3269,37,289,1988.5190311418685,12.992805879162905
blues rock,2340,33,121,1980.0743801652893,12.395002547570128
rockabilly,675,13,31,1969.8709677419354,6.893194399714697
female vocals,962,36,101,1991.7128712871288,14.739292136098916
the best,706,23,58,1981.6379310344828,10.97956359319052
favorite song,312,17,28,2001.5357142857142,12.899848241591242
rex ferric faves,468,19,41,1974.0487804878048,8.227852756072496
perlast,451,19,24,1979.9166666666667,15.800155933921408
relax,1147,32,130,1992.7384615384615,13.350698292659079
Love it,953,32,112,1998.1607142857142,14.840626957585332
vocal jazz,349,12,15,1973.3333333333333,11.399665826346883
vocal,1294,30,110,1983.1181818181817,13.250398517934094
my soundtrack,349,22,38,1987.9736842105262,9.433943436466357
soul and rnb classics,1026,15,63,1972.3174603174602,4.6309805163436755
elvis,499,8,9,1971.0,7.582875444051551
cheese,310,16,23,1989.0869565217392,15.925716891180244
Favourite Songs,652,24,64,1986.3125,11.053800610491757
urban,4757,27,368,2000.5108695652175,8.647810282090981
old school,3469,22,194,1989.1237113402062,9.146201943363303
7 of 10 stars,666,22,56,1993.75,16.959041568116135
One Hit Wonders,941,25,64,1981.171875,9.707720193186779
male vocals,400,35,49,1983.5714285714287,14.812719759269958
Rolling Stone 500 Greatest Songs of All Time,352,17,37,1971.1891891891892,8.43879216554201
cute,594,27,65,2001.2615384615385,15.61577419938422
americana,569,22,49,1977.8163265306123,10.676441099815197
novelty,669,15,21,1974.0,11.536897329871667
comedy,935,17,30,1986.6333333333334,17.966411829382864
1964,2425,5,112,1964.7589285714287,1.4221259033370024
Masterpiece,513,17,39,2001.025641025641,18.471154153503324
loved,1221,28,112,1997.375,12.198895977221179
country rock,1497,23,83,1982.7831325301204,14.642944020236591
amazing,1931,19,129,2005.7441860465117,13.14182199944575
male,552,26,55,1989.3272727272727,16.476756406632397
Bittersweet,304,26,32,1990.59375,13.156279930622608
Smooth Jazz,1402,20,66,1980.7727272727273,9.567244526621437
20th Century,316,17,21,1977.3809523809523,10.767897615023047
motown tag,381,22,34,1978.1764705882354,8.843660932042052
dancecraze,317,14,31,1984.4516129032259,6.556618588253244
1974,878,2,65,1974.1384615384616,1.4882553027467587
sunshine pop,711,12,38,1969.2105263157894,4.609965085972274
psychedelic,3117,10,148,1969.4864864864865,6.602912660217126
poprock,412,26,41,1983.7317073170732,14.737748115373499
<3,1442,15,123,2009.9268292682927,8.98100977537414
songs I absolutely love,394,29,43,1994.5581395348838,12.613866756530093
electronic,12271,23,439,2003.7744874715263,11.85227510862001
Like,835,26,69,1994.5942028985507,16.302579045858423
world,574,19,59,2005.2372881355932,15.675963351633397
duo,501,13,26,2001.7692307692307,16.669271591302824
eclectonia,886,20,62,1980.1612903225807,10.188700826763041
Best of best,384,16,31,1989.3870967741937,7.6318517602428955
british,12524,41,623,1985.9743178170145,15.281369038362083
The Beatles,2098,15,55,1971.5272727272727,6.497448346607691
beatles,1246,18,58,1972.2068965517242,6.892046320240366
british invasion,2190,9,109,1966.4770642201836,2.980170049446065
pop rock,13526,38,829,1991.9806996381183,14.541781017540087
britpop,1028,23,67,1988.9850746268658,17.6862320509772
paul mccartney,985,17,34,1973.2058823529412,6.655047807422053
merseybeat,382,4,20,1964.5,0.8271701918685112
trumpet,634,13,20,1989.7,21.737912551697853
New Orleans,326,13,17,1986.4117647058824,19.503393369903005
hits,757,21,77,2002.909090909091,15.807378205813473
6 of 10 stars,620,28,60,1989.2833333333333,14.001321567970558
Canadian,4530,32,176,1998.3125,15.455338883376191
classic track,524,19,49,1973.6938775510205,5.268633921744852
gertski pick,1007,18,78,1976.7051282051282,5.952428238240418
grammy: best female pop vocal performance nominee,309,14,20,1975.35,10.342935549904277
covers,2030,29,122,1981.9590163934427,11.91526386926069
Barbra Streisand,677,6,8,1977.375,6.022280061808579
musical,404,11,15,1985.8666666666666,14.217025340197209
123 drippy sappy,1959,22,134,1977.044776119403,5.452275060280733
classics,332,21,39,1985.871794871795,10.966886731811998
groove,726,24,69,1987.768115942029,13.257788973163963
feel good,1384,22,139,2001.0575539568345,14.843028805417187
john lennon,505,9,17,1971.8235294117646,7.384403277496827
The British are coming,349,18,32,1978.53125,7.170658740603512
misc,576,24,40,1986.2,16.43822936375401
4,330,18,23,1989.7391304347825,20.116066376958827
childhood,361,28,40,1988.875,11.37290414616903
english,518,24,58,1996.396551724138,15.917484213601725
Garage Rock,1559,8,55,1968.0727272727272,6.262334629899221
Driving,664,21,52,1999.7692307692307,16.538268615802757
Pop-Rock,578,31,69,1992.1884057971015,13.37499352646225
Blue-Eyed Soul,697,24,58,1984.5689655172414,15.309797423763804
burt bacharach,327,10,14,1969.2142857142858,5.713392787377491
girl power,500,21,56,1997.3035714285713,9.555426145974277
Dionne Warwick,451,8,9,1970.0,6.6332495807108
Psychedelic Rock,1917,11,82,1969.4634146341464,6.616841814924535
rock ballads,780,15,57,1988.3508771929824,6.645329262158969
funny,902,27,66,1990.378787878788,15.916865898995948
Faves,333,25,37,1992.8108108108108,19.06106828916796
metal,1117,25,82,1990.7560975609756,11.301219179952547
punk,1448,19,82,1999.1341463414635,12.614671249927676
glam rock,1779,18,76,1982.2894736842106,9.91270671340401
powerpop,358,18,25,1988.24,18.693314312876677
ska,727,13,21,1994.142857142857,12.736898030076688
reggae,4784,27,93,1997.6881720430108,12.698834673190923
guilty pleasure,3293,33,291,2000.343642611684,12.075286209049203
heard on Pandora,1839,26,139,1992.611510791367,11.629865845530103
UK,513,27,54,1991.3333333333333,15.823316924417776
sensual,972,30,80,1994.2625,12.430814865802166
Karaoke Chris,308,18,22,1981.2272727272727,12.122123883457364
irish,749,19,29,1993.2068965517242,15.223054204408024
tarantino,312,8,13,1971.3846153846155,3.4529808749943753
garage,524,9,36,1971.1666666666667,11.072488428533127
2011,1710,5,99,2010.888888888889,4.81470724922
Supernatural,484,18,23,1977.4347826086957,7.279023954028463
perfect,499,19,41,2003.0243902439024,16.70551975377906
I love this song,309,20,37,2001.1891891891892,10.898108494998972
vugube62,375,28,51,1976.921568627451,10.069445143114693
uk number one,1383,24,102,2001.4313725490197,16.41088132368975
hard rock,10574,30,323,1987.2105263157894,11.19861407387305
memories,1692,31,176,1994.2443181818182,11.130522852096345
Uplifting,834,28,90,1986.1,14.447930531021164
powerful,462,19,25,2001.96,15.095473935366632
halloween,429,13,20,1978.65,14.772930436586051
1965,1078,2,65,1965.1384615384616,0.4635772278206147
the rolling stones,462,11,13,1971.8461538461538,6.865932248502431
gospel,715,19,33,1986.3939393939395,15.114023690639502
the singles,1165,21,94,1999.723404255319,7.614931929205494
cher,854,11,17,1979.9411764705883,11.283121178530866
duet,2057,28,84,1994.5833333333333,15.208754876701722
Pop Life,1529,26,132,1979.871212121212,8.449585836573467
australian,1485,23,62,1991.8225806451612,14.674081302880724
pop music tag,803,22,69,1994.4927536231885,14.511276739149126
missjudy76,331,18,37,1977.945945945946,10.165152745056531
Tom Jones,451,6,8,1968.0,2.2038926600773587
german,334,17,27,1988.7777777777778,11.043039343800146
funky,2737,28,233,1982.351931330472,11.47770357883231
diana ross,476,14,18,1977.1666666666667,9.350998688406936
vocalization,301,23,35,1988.5428571428572,11.87271428687708
attitude,333,21,31,1993.774193548387,11.626721169843643
eric clapton,429,14,16,1979.8125,10.527543239838375
Progressive rock,3667,19,120,1980.3166666666666,8.287870384978719
james bond,384,6,6,1975.3333333333333,7.201851613763412
road trip,315,21,39,2003.128205128205,13.924948241762426
scrubs,343,20,25,1989.72,12.611238374296686
west coast,1310,16,74,1986.2297297297298,10.946379018862059
2009,870,3,81,2008.8641975308642,4.976829026648779
heart,405,19,29,1985.551724137931,10.36679523043422
epic,1512,23,132,2002.9166666666667,14.648576340520988
new wave,8632,15,270,1986.7925925925927,7.365241684767572
Southern Rock,2211,21,74,1981.3513513513512,12.528796892498947
groovy,1074,28,81,1983.8395061728395,14.301622976190025
1969,1053,3,73,1969.1780821917807,0.7877969590613056
good,838,26,69,1993.2463768115942,14.515109568897557
Morose Deep dilate Crimson,430,16,31,1973.0,7.720103626247513
80s,95911,14,1455,1985.0982817869415,5.5414497693655225
Lady Gaga,964,7,17,2008.1764705882354,11.625592964004282
out of our heads,310,12,15,1980.8666666666666,6.978197338513586
soulful,977,22,81,1995.20987654321,11.605727087716991
new york,1000,20,60,1997.8833333333334,9.076121897625933
Fleetwood Mac,1018,11,26,1979.6153846153845,6.723552174717903
1966,891,3,73,1966.2602739726028,1.202166993163618
numbers,307,7,8,1987.25,24.264907052896664
christine mcvie,521,12,20,1979.7,6.546192143448538
old school dance,589,18,40,1979.45,7.274648638973075
stax,396,8,16,1969.5625,2.8511693507518396
1,378,22,29,1992.5172413793102,17.711216562343385
3,641,12,65,2007.9692307692308,13.608326071252792
genesis,604,11,19,1983.0526315789473,8.422678936528227
All,608,19,32,1989.1875,15.348505233514624
calm,350,27,38,1993.2105263157894,15.565307742570026
Disco,17799,15,430,1983.4674418604652,10.722723207024762
angel,321,11,15,1992.0666666666666,13.894843168120563
Brems Tagg radio,377,18,35,1979.3714285714286,8.677508839745744
power pop,725,24,54,1992.3148148148148,15.154330689420258
inspirational,730,28,66,1999.909090909091,13.002635558552408
philly soul,1158,14,58,1972.8103448275863,4.1610427866089434
Neil Diamond,789,9,12,1973.9166666666667,6.4871668186761875
70s pop,1252,14,85,1973.7882352941176,4.248512674334112
live,572,31,65,1984.9538461538461,10.760795116461495
horns,439,17,27,1982.0,17.693979854089445
spanish,688,22,35,1998.2285714285715,13.767151258757659
personal favourites,807,21,65,1998.3538461538462,14.116071037596175
slowjamz,610,25,59,1992.8983050847457,10.624783835941837
kenny rogers,399,8,12,1978.25,5.361902647381804
abba,399,7,9,1980.0,10.862780491200215
carpenters,547,6,13,1971.923076923077,2.4987176198181626
1967,828,3,74,1967.1351351351352,0.5054314398535644
Shady,329,15,20,1991.7,15.127875977114149
grady,393,16,21,2000.7619047619048,14.95294205801909
shady grady,381,14,19,2001.2105263157894,15.031740297592592
Planet Kolob,361,13,16,1999.6875,16.110943485718025
dark,379,16,21,2004.7619047619048,12.469582037521393
9 of 10 stars,408,15,19,1989.421052631579,16.41583175363779
ballads,2299,28,230,1988.8,8.713489015870412
pretty,445,27,43,1988.3488372093022,11.275518615314189
1968,881,2,63,1968.1587301587301,0.4098130654236269
r'n'b,503,20,53,2003.0754716981132,9.225485304315711
awful awful awful,325,7,13,1973.3076923076924,3.1723969745450464
Jazz Rock,704,10,28,1974.392857142857,4.863616134602103
chicago,840,19,32,1984.5625,13.858588812392398
vocal harmonies,390,17,27,1989.5925925925926,18.83993152702578
night,314,18,21,1995.0,16.522711641858304
fav,1061,14,76,2008.2763157894738,12.740066649967497
msetentas pop,526,11,34,1975.1176470588234,4.161619045969846
emotional,819,30,96,1997.78125,12.386922751965393
indie,7017,19,252,2005.0555555555557,10.089484530762851
alternative rock,13989,27,371,2001.954177897574,8.934933116442112
gh 3,344,19,35,1975.9714285714285,6.537159458167791
Smooth Soul,805,23,65,1980.5076923076922,9.001949575166824
rhythum and blues tag,650,19,55,1998.0181818181818,10.743630169807094
amayzes loved,329,16,29,1988.6206896551723,12.19898647166889
Soundtrack Of My Life,402,26,39,1987.3846153846155,15.560772854259596
Girl,311,11,14,1987.0,15.723573678740124
christian,622,10,20,1992.1,14.271428947744733
Power ballad,2302,18,120,1989.975,8.196599520379106
top 2000,348,15,22,1978.9545454545455,9.892167525622398
my favorite songs,377,14,22,1976.1363636363637,6.120188719043716
synth,722,15,48,2000.4791666666667,15.822135831470527
Guilty Pleasures,2052,35,217,1995.930875576037,11.891088153342322
slow jam,1256,19,76,1993.6315789473683,9.602558138694999
jazzyslovedrnbsoul,377,25,33,1995.1818181818182,10.402687589796644
heavy metal,1179,20,73,1987.2191780821918,9.449054296216435
pop ballad,400,17,23,1988.2608695652175,15.650202994049014
Funk Tag,312,18,38,1978.078947368421,7.076346510954717
Hip-Hop,54523,28,1032,2004.499031007752,7.551825405515586
Bee Gees,909,10,26,1977.6153846153845,3.359487140346551
10 of 10 stars,444,28,42,1993.7142857142858,14.92466564447268
quiet storm,2758,29,160,1989.0,10.052065715922907
soul tag,386,28,44,1994.5681818181818,11.958061846677499
Energetic,791,27,84,1999.5595238095239,12.054445953273428
r n b,747,19,50,2001.0,9.918031404405589
aint it funky,478,17,28,1977.6785714285713,6.627963049074292
prince,1291,12,31,1986.967741935484,5.570660469326427
old skool,472,20,38,1988.3684210526317,7.9199408018248265
billboard hits to check out - the 70s,1208,12,67,1975.6268656716418,3.4851886644968078
Fusion,302,15,21,1982.142857142857,11.520788663480094
diva,755,27,70,1997.857142857143,10.629853659381947
salsa,328,5,7,1991.5714285714287,11.787806452108931
sex,1262,29,104,1998.5384615384614,11.922014455540557
lcsilvas,356,14,36,1975.0277777777778,3.843258372869943
scat,311,9,12,2008.8333333333333,13.0720613477289
oldschool,302,18,31,1992.258064516129,8.290427178119288
arena rock,378,19,45,1983.4444444444443,7.353278661298447
rock ballad,1045,21,103,1988.7378640776699,9.777887382641431
1970,856,4,61,1970.4426229508197,1.5440702721911592
1970s,596,12,69,1974.695652173913,2.8403828854683275
michael jackson,1993,17,43,1984.2093023255813,9.859870905015232
billboard number ones 1970s,573,11,37,1975.2972972972973,2.6860220987018546
1970's,1148,10,74,1975.054054054054,3.135706391290581
Mellow 70s,1112,10,49,1975.6530612244899,2.869022920265156
hip hop,30477,27,806,2004.6129032258063,7.297002346020459
rap,41345,29,713,2005.1374474053296,7.804000896460934
extensive vamping,340,16,25,1997.72,15.186397422254782
jazzysrnbsoulmale,369,21,37,1993.3243243243244,10.760147804783204
seen live,615,27,71,1995.9859154929577,13.080512176239756
UK Gold,385,9,22,1975.0454545454545,2.951630263451236
james taylor,405,5,5,1973.4,2.8809720581775866
Latin Rock,655,9,13,1993.3846153846155,12.952081309828557
santana,373,9,11,2000.2727272727273,14.04343910223496
Progressive,303,19,28,1983.2857142857142,10.473448414592097
80's,1433,16,165,1985.9151515151516,4.510700097905495
1971,1379,2,73,1971.4520547945206,2.5822099487024834
rod stewart,430,12,14,1985.357142857143,7.291798795244536
seventies,382,9,28,1974.4642857142858,2.6031625048112206
number one hits,893,20,76,1987.2631578947369,10.000491216005518
MEYRA,327,11,24,1978.2083333333333,2.933749147076316
played,428,11,18,2010.2777777777778,11.925284831007334
John Denver,383,4,6,1973.6666666666667,1.505545305418162
pink,1129,11,24,2003.8333333333333,9.972425751155976
jacksons,363,19,23,1988.2608695652175,10.98021936899734
favorite by this singer,452,23,38,1991.5526315789473,10.339369441856308
soft rock pop,301,10,26,1978.423076923077,3.074710743118148
favourite ballads,314,19,31,1980.0,7.637626158259733
Gothic,333,10,12,1991.6666666666667,14.76071772912103
movie song,1158,19,41,1998.2682926829268,13.84020301557008
hot,1103,22,116,2003.155172413793,9.840116160745843
disco tag,335,14,23,1979.3478260869565,5.788772013382881
1972,727,2,56,1972.25,0.4369314487526515
Roberta Flack,352,5,6,1975.1666666666667,4.02077936060494
Brandy,807,10,21,1997.1904761904761,6.637914187597243
king of pop,399,15,28,1987.4285714285713,10.768364404944325
electronica,1316,27,101,1999.0,11.106754701531857
synthpop,2267,25,136,1997.2573529411766,14.239744235910258
synth pop,1249,14,95,1986.4421052631578,5.974619705646516
techno,1021,18,61,1998.8360655737704,8.704750289102405
love songs of the 70s,603,7,27,1976.5925925925926,2.4847110845708347
jihad,350,13,17,2001.4705882352941,14.000525200232774
elton john,1574,19,35,1982.6285714285714,9.097788077283383
piano rock,845,21,44,1991.659090909091,13.861345251366833
rhythm-blues,374,12,17,1977.764705882353,4.643939757424533
FM4,597,8,21,2007.142857142857,17.44501566145962
slow jams tag,1814,17,124,1993.7016129032259,6.6528065337695725
luved,461,15,27,2003.3703703703704,10.073377510692948
bass,518,17,28,1998.892857142857,16.269351521858482
evening,428,12,20,2005.1,15.973333040447526
1973,778,3,63,1973.6666666666667,1.9427283774081998
dance pop,1050,26,109,2001.0,11.73314393786536
snl,1208,9,64,2013.640625,6.983807092692102
top artists,301,23,49,1988.3673469387754,9.512478378317565
yacht rock,1015,11,56,1979.5535714285713,2.7364186472444256
West Coast swing,642,17,54,2000.0185185185185,10.769437435143114
soft pop,312,14,20,1987.95,11.41778391254994
emo,2081,14,79,2003.126582278481,11.81629371434988
Gangsta Rap,3112,19,133,2001.984962406015,7.081757360230725
new,564,15,44,2001.659090909091,13.310152064929362
steely dan,317,4,6,1976.1666666666667,3.3115957885386114
AOR,681,17,63,1982.873015873016,4.629819419219577
High School,610,17,56,1995.8392857142858,6.420922578044899
male country,459,16,33,2001.030303030303,10.390755652516473
indie pop,1735,9,66,2011.7575757575758,7.352782008423972
swedish,780,21,35,1995.0857142857142,13.563296988936136
linedance 2018,430,6,12,2003.8333333333333,18.590483065430565
00s,8648,11,735,2004.7809523809524,3.4777873053604167
House,2899,18,109,2001.8440366972477,11.16307928439783
latin pop,899,14,35,1999.4285714285713,8.918868677550698
grumpy still skin,323,9,12,2004.1666666666667,14.319937362314336
winter,365,10,18,2009.4444444444443,11.602343689314125
latino,317,12,16,1995.0,12.318008497047456
1975,919,2,68,1975.3382352941176,0.5069750536312313
Eagles,474,7,13,1979.7692307692307,4.548879828299237
Barry Manilow,435,7,11,1977.4545454545455,1.9679246105293955
1979,1143,2,82,1979.5731707317073,2.0001881874727765
gay,394,25,37,1995.2702702702702,12.87471390976352
linedance 2017,871,6,21,2013.6666666666667,10.603458555270226
80's pop,564,13,39,1980.7179487179487,3.7272024075403563
styx,346,7,9,1981.2222222222222,4.437842318564782
dance-pop,1723,27,141,1999.3191489361702,11.998404149204992
Neo Soul,512,18,33,2000.6060606060605,9.209164572381804
90s,55877,12,1107,1994.9602529358626,4.107313981878002
Queen,692,13,20,1999.85,17.306144330235647
featuring,3404,16,115,2007.1739130434783,10.26513505569559
1976,541,3,56,1976.7142857142858,2.4023797725231892
wake-up song,1075,20,61,2007.9016393442623,10.780700221588557
clean,1531,17,110,1995.0272727272727,5.720491239105307
atlanta,651,14,30,2000.4,8.364951511700678
Boz Scaggs,335,4,5,1978.8,2.16794833886788
aerosmith,660,10,14,1990.857142857143,7.744547887257331
Stevie Nicks,402,10,19,1980.842105263158,3.50020884924087
Kanye West,1425,12,31,2006.5806451612902,6.835077144399504
80 - 90s,339,12,22,1992.2727272727273,5.799686511904211
billboard top 20,815,18,67,1999.0597014925372,6.302670422527084
hair metal,2488,10,77,1989.025974025974,6.013086662425779
Glam Metal,492,12,39,1988.0,3.7696851746252595
Phil Collins,931,10,27,1987.111111111111,3.9548736567715586
1977,554,3,54,1977.4074074074074,0.5993241010148871
Foreigner,380,9,11,1982.909090909091,4.867330797357941
Lionel Richie,550,7,15,1983.8666666666666,2.445598573141631
wjlb-FM,2461,22,152,2001.6973684210527,6.687974256188977
80s Pop,1207,15,133,1985.9473684210527,3.5809169925002498
boysband,454,12,24,1998.75,11.179367641757079
top,392,21,39,1993.974358974359,9.504810913391452
1978,881,2,69,1978.3188405797102,0.4997868258270192
shit,343,16,22,2007.590909090909,11.923003340518221
party music,301,18,27,1999.5185185185185,8.6796418322522
throwback,350,14,33,1987.939393939394,7.436982729656707
billy joel,481,7,12,1984.0,4.748205402618399
sleek,324,18,25,1991.56,7.643515770464095
Celine Dion,849,9,15,1995.4666666666667,5.8659631612825365
rakt over disc,986,13,71,1989.0422535211267,7.595932407203796
punk rock,1224,13,53,2001.3584905660377,9.364610837580617
post-punk,309,14,20,1989.85,11.150997123221998
1980,706,4,59,1980.406779661017,0.5607459338575842
1980s,819,12,86,1986.0813953488373,2.7277015374037137
80s rock,817,13,75,1985.6133333333332,3.448044229561014
electro,725,14,55,2007.4363636363637,9.040574458074362
new romantic,367,12,34,1985.5294117647059,3.395498750508662
Air Supply,318,4,9,1981.4444444444443,1.0137937550497034
80s pop and rock,354,10,30,1984.7,2.842412768200211
Grunge,1017,13,29,1998.7931034482758,6.212770892885692
1990,1447,2,86,1990.2209302325582,1.23098394686047
michael bolton,645,7,11,1990.909090909091,4.182213420057505
1981,524,3,47,1981.531914893617,0.5842521726918071
power ballads,526,10,46,1988.8478260869565,3.717630017478865
80s soul,469,11,36,1986.5277777777778,2.932440340263779
Bruce Springsteen,324,6,10,1986.7,4.922736366426028
journey,324,5,7,1984.5714285714287,5.5634864026418684
sting,627,10,14,1989.5714285714287,9.086882225022428
trance,669,16,29,2002.4137931034484,9.756013681605054
boybands,1143,11,44,1998.0,5.313431860816029
1982,807,2,64,1982.53125,0.8723031000820176
christian alexander tietgen,628,13,50,2011.44,5.526042241708152
popular 1982,656,1,30,1982.0,0.0
australian number one,312,13,24,2008.75,11.696339077937463
sunflower,398,7,44,2013.1136363636363,4.923677530345888
Skitz0rz,433,7,43,2013.139534883721,4.97413019603302
uitluisteren artist,430,7,42,2013.142857142857,5.034376598466948
1983,1046,2,75,1983.3866666666668,0.517095143457553
superrock kyoi,608,3,48,1983.7291666666667,0.8183944669571631
duran duran,323,7,12,1986.3333333333333,3.550501458394378
1999,565,3,55,1999.0727272727272,2.2595848967728354
hino,1909,5,70,2015.6857142857143,4.2954065696210515
diane warren,425,14,27,1993.2592592592594,4.5454338253866
bryan adams,488,8,14,1989.4285714285713,4.070801956792859
Def Leppard,319,6,8,1988.875,3.399054490379851
fallon,3718,7,112,2015.4285714285713,3.5226788683140575
1984,803,2,78,1984.4102564102564,0.5206364096586705
Madonna,1586,17,42,1991.6666666666667,6.550615933306657
2017,2032,2,46,2016.6521739130435,4.945109329447958
freestyle,1419,10,39,1989.6410256410256,5.091205934525364
club,2117,24,159,2005.8490566037735,7.544122265044509
George Michael,456,9,18,1988.611111111111,3.108600761244592
1985,773,2,67,1985.358208955224,0.4830927051164928
whitney houston,1551,10,28,1993.7142857142858,5.759739853031834
new jack swing,6471,12,157,1992.3949044585988,4.044239273944593
boy band,460,15,39,1997.3076923076924,5.201992766713471
galaxystardust,521,12,30,1990.7,2.9024365507336216
Chris Brown,1485,9,29,2008.4137931034484,6.276471036334888
dancehall,1998,12,46,2007.8695652173913,8.101052594576622
1986,763,2,75,1986.3733333333332,0.48694672923957205
bon jovi,614,8,13,1990.3076923076924,3.146019055478828
janet jackson,1001,13,28,1992.9285714285713,4.642226249361889
Jam and Lewis,352,12,26,1990.923076923077,3.9691115068546705
90's,745,13,58,1994.7931034482758,3.286114437199938
playlista rmf fm,1517,10,91,2014.2197802197802,4.496423758702756
Dancemania,364,16,23,1998.7391304347825,9.95543429172022
1987,1110,3,70,1987.4285714285713,0.5267188170317451
U2,395,5,7,1991.7142857142858,5.0896720822428145
2003,646,2,48,2003.0833333333333,2.4218274560650177
pozytywne wibracje,377,18,26,1998.8076923076924,7.359452320759913
richard marx,372,5,10,1989.9,2.378141197564929
electropop,2770,11,136,2012.0882352941176,4.579294120333709
girlsband,360,12,21,1992.904761904762,3.7403844976788405
New Soul - Hip Hop - Rap,359,15,39,1993.4102564102564,4.089253880715242
Brutal Death Metal,508,13,20,2007.65,9.348655968696924
1988,831,3,62,1988.4032258064517,0.5569141388146238
teen pop,1060,16,79,2005.126582278481,6.691684638238015
90s soul,467,13,42,1994.4285714285713,3.3066293879731465
Babyface,1006,11,50,1993.92,3.148306963225454
Poison,354,6,9,1997.888888888889,12.613925285616334
90s Rnb,2643,11,167,1995.6407185628743,2.875365994276013
1989,1189,5,76,1990.7894736842106,5.716212707667398
Old School Hip Hop,303,10,15,1993.4,2.9471535904520287
electronica influences,382,10,15,2007.7333333333333,10.944448473127935
90s dance,538,9,35,1992.857142857143,2.3281254406124448
addictive,449,17,41,2008.9024390243903,6.044852678307307
1990s,947,11,105,1994.0761904761905,2.9012438913707546
Mariah Carey,2176,19,39,1998.5641025641025,6.6956186451914474
90s pop,626,10,52,1994.0192307692307,3.171505392633801
n-a,398,12,26,2011.8461538461538,5.897065763189742
East Coast,404,12,35,2001.142857142857,4.420160079233604
eurodance,1840,10,46,1995.5,4.293405796489931
billboard number ones 1990s,371,9,22,1993.0,3.2219485379118615
1990-99SinglesNo1,303,7,16,1992.375,2.918332857414772
Monica,682,8,13,1997.7692307692307,3.7893237337253676
contemporary rnb,717,13,52,2004.7307692307693,6.776879334496728
pop rap,403,13,28,2010.3214285714287,7.981708586366202
loneliness after dusk,325,16,23,2001.9130434782608,8.371559230667199
alternative hip hop,340,10,18,2007.2777777777778,9.266038912295967
hiphop,2795,24,178,2003.808988764045,6.644952894612907
1993,888,5,72,1993.4583333333333,0.91831903996102
2007,473,4,52,2007.0,2.497057091387191
essential 90s,322,9,32,1995.78125,2.2538050263441587
1991,1091,3,89,1991.4606741573034,0.584966583647012
2pac,417,7,8,1996.75,4.432026302139591
Boyz II Men,404,8,19,1995.1052631578948,2.492092758263519
ATL,547,12,24,2002.9166666666667,5.098308898368988
2010,2027,3,104,2010.1538461538462,1.9793557389085248
10s,6415,9,367,2013.291553133515,2.2212361882826257
east coast rap,1060,15,58,2000.0,4.603583653648574
1979-2006: A Hip-Hop Odyssey - 800 Tracks In A 48 Minute Mix,349,11,19,1998.8947368421052,4.593409975680198
My Addictionz,379,9,15,2001.6666666666667,7.970182527634453
Britney Spears,968,11,19,2007.5263157894738,6.760739777508175
1992,980,2,74,1992.2972972972973,0.4601884584090189
tlc,387,7,12,1998.5833333333333,9.159777025207282
1995,1269,2,87,1995.3563218390805,0.8066152579048765
Neo-Soul,1485,20,69,2002.8260869565217,6.494242974809056
bounce,304,7,10,2006.6,9.856751775080651
Hood,399,12,20,2002.85,5.060424363315996
Aaliyah,756,8,18,1999.0,3.180824902257829
Timbaland,1253,14,44,2003.4772727272727,4.976636747768406
Missy Elliott,500,8,16,2000.3125,3.497022543059548
banned,577,14,30,2008.1,9.86582397768279
Disney,850,13,21,2005.4761904761904,7.782152964437589
West Coast Rap,535,15,35,1998.8857142857144,6.0331019656335245
mary j blige,395,9,10,2000.6,5.621387729022079
hip hop tag,808,18,66,2005.409090909091,6.051006967000229
SWV,351,5,8,1996.75,6.22781777878209
neptunes,526,9,22,2002.6363636363637,3.7990657315846
wkqi-fm,1503,11,83,2007.1927710843374,3.9057738102346202
G-funk,584,6,22,1997.0,4.429339411136566
collaborations,569,13,23,2003.8260869565217,5.390666798972963
Snoop Dogg,401,9,13,2002.1538461538462,5.727799953532971
KDWB,1753,12,121,2007.603305785124,3.8632441868697507
toni braxton,606,7,13,1996.7692307692307,2.4547181153120263
M-O-B-O,352,10,15,1999.4666666666667,4.421807430495018
Xscape,337,4,5,1996.4,4.159326868617084
modern country,2104,15,100,2009.3,5.176676520508095
1994,810,3,68,1994.4705882352941,0.5590660718513929
r kelly,1090,9,29,2000.2758620689656,4.651394197474083
post-grunge,577,17,52,2002.6346153846155,4.0148198316416375
Sheryl Crow,318,6,8,1997.5,3.585685828003181
bone thugs-n-harmony,330,5,5,1997.8,5.263078946776307
Kelly Clarkson,916,11,19,2006.421052631579,4.670424552123289
wdzh-FM,1361,12,76,2007.328947368421,4.08375042624542
Dope,305,9,11,2009.1818181818182,8.964576753178946
annoying,337,8,18,2013.0555555555557,5.3299621698494395
alternative rnb,426,7,17,2014.1764705882354,5.6373231027417505
whtd-FM,1337,13,72,2006.2777777777778,4.179838335785492
beyonce,1665,13,34,2006.264705882353,5.241494255657022
Faith Evans,355,4,6,1998.3333333333333,2.503331114069145
1996,1056,3,73,1996.5479452054794,0.5783380376948666
1997,828,3,66,1997.3333333333333,0.5358913016456669
Crunk,1658,9,48,2005.5,3.5430483329135805
southern rap,975,12,49,2005.1632653061224,3.197309668400335
goo goo dolls,323,4,6,1999.1666666666667,1.9407902170679516
Dirty South,3166,10,97,2005.618556701031,3.276950115863174
Ginuwine,502,6,10,2000.1,2.4698178070456938
Drake,2494,10,46,2012.7826086956522,4.760546390107668
Pitbull,474,9,14,2008.857142857143,5.9466492550542585
max martin,518,12,44,2010.909090909091,6.076329146657551
Usher,1750,12,32,2005.5,5.092689257255713
112,314,4,5,2000.6,2.966479394838265
nickelback,847,14,25,2008.48,4.984308711680421
1998,983,3,56,1998.4107142857142,0.5962545433952521
jay-z,880,13,22,2005.7272727272727,5.400016033325564
Shania Twain,327,3,5,1999.6,1.949358868961793
Justin Timberlake,796,10,26,2008.3461538461538,5.663513451505577
Christina Aguilera,429,8,12,2005.0,6.424385361474456
jennifer lopez,477,7,10,2002.7,3.3681514877517675
destinys child,400,6,12,2002.5,2.195035721390843
2000,724,4,58,2000.448275862069,1.6455406384348192
2002,702,4,60,2002.2166666666667,0.7831199372753781
2000s,2378,13,196,2005.0,3.154158833780878
Lil Wayne,1496,11,32,2010.21875,3.517095346648901
Coldplay,520,8,9,2009.2222222222222,6.119186583561939
Rihanna,2879,13,45,2010.6444444444444,3.8028431681593395
Creed,582,11,16,2008.875,6.34428877022476
3 Doors Down,407,6,8,2003.125,2.5877458475338284
P!nk,660,10,18,2006.7777777777778,4.544622621433141
Nelly,694,9,17,2003.8823529411766,3.238100387209615
pop punk,1422,12,40,2007.0,3.644454867610694
jagged edge,423,3,5,2001.2,1.6431676725154982
Eminem,1549,12,30,2006.1666666666667,3.8870548494070483
kid rock,397,10,13,2011.1538461538462,5.014082731769156
stacys favorites,339,10,18,2006.111111111111,2.826115373542836
Alicia Keys,709,9,16,2006.9375,3.473110997362451
2001,678,2,57,2001.280701754386,0.4533362818715847
Ja Rule,387,4,8,2002.125,1.3562026818605375
Nu Metal,567,10,16,2006.0625,4.170831252080733
uncle kracker,316,9,11,2011.0,4.857983120596447
Ludacris,905,9,27,2005.5185185185185,3.166779125308557
radio disney,673,7,54,2013.7222222222222,2.5581292299711333
club shit,361,9,22,2009.0,2.5260547066428276
Ashanti,336,4,7,2003.0,1.1547005383792515
Linkin Park,525,7,8,2006.375,3.2486260832190936
avril lavigne,569,5,9,2005.6666666666667,3.5355339059327378
Shakira,506,6,9,2005.7777777777778,3.865804501581067
American Idol,912,10,36,2007.0555555555557,2.5178726218144036
john mayer,506,6,6,2005.1666666666667,2.316606713852541
Fabolous,337,6,7,2005.4285714285713,3.2071349029490923
Sean Paul,416,7,12,2005.6666666666667,3.892494720807615
50 Cent,717,6,16,2004.875,2.3345235059857505
Reggaeton,419,8,15,2007.9333333333334,4.920317450076144
racist,355,9,12,2012.0,4.0
KKK Country,418,8,12,2012.5,3.68041499636312
racist country,432,8,12,2012.5,3.68041499636312
similar to johnny rebel,354,8,10,2012.0,3.7416573867739413
Flatulence,304,8,11,2012.4545454545455,3.8565175058240397
farting,304,8,11,2012.4545454545455,3.8565175058240397
black eyed peas,1111,7,20,2006.95,2.762054917705485
2004,505,3,45,2004.2,0.4572645941803379
new country,449,5,30,2011.2,2.4410286130349172
katy perry,1221,10,25,2011.76,3.269556544854363
maroon 5,772,8,13,2010.0,3.6742346141747673
Ciara,497,5,9,2006.4444444444443,2.650995620097811
2005,554,3,59,2005.3389830508474,0.5122691066605596
Akon,992,6,16,2006.8125,1.5152007567755943
TI,360,8,13,2007.923076923077,2.985005261344846
taylor swift,1510,11,29,2012.0689655172414,3.514572057700407
The Pussycat Dolls,326,4,6,2006.6666666666667,1.505545305418162
Fergie,464,6,11,2007.7272727272727,1.9021518914592015
Fall Out Boy,329,5,7,2008.4285714285713,3.9096949095440023
John Legend,366,7,8,2013.625,4.405759217854998
hairy chest,733,6,20,2015.25,2.881428739175649
T-Pain,378,7,11,2007.909090909091,1.7002673586554236
2006,429,2,47,2006.3191489361702,0.4711864293980077
Ne-Yo,782,8,19,2009.3157894736842,2.6257830912139837
dubstep,458,9,26,2013.3461538461538,2.513042899630767
2008,1028,4,86,2008.4767441860465,0.8502836092400411
keyshia cole,369,3,4,2007.25,0.9574271077563381
daughtry,322,4,5,2008.2,1.3038404810405297
post-nerdcore,447,7,18,2014.9444444444443,3.8113178548698445
OneRepublic,308,6,9,2010.5555555555557,2.650995620097811
Flo Rida,466,5,10,2010.7,2.0027758514399734
Miley Cyrus,741,7,15,2012.7333333333333,3.283436063174123
kesha,387,7,13,2011.3846153846155,2.1809195896250406
Jason Derulo,427,6,8,2011.875,2.6958963523950885
2013,2202,3,96,2013.3958333333333,0.7605976412859986
gucci mane,363,3,6,2015.8333333333333,3.371448748930742
justin bieber,1111,8,16,2014.125,2.84897642437888
lady antebellum,310,5,6,2011.1666666666667,1.9407902170679516
2010s,4536,9,280,2013.4678571428572,2.26213233554826
Bruno Mars,735,5,12,2011.6666666666667,1.556997888323046
nicki minaj,1026,9,19,2013.6842105263158,2.9637182273276506
holloween skitz0rz,428,6,42,2013.8809523809523,1.0638719194958355
my dance room,370,6,38,2013.9473684210527,1.1137316970571827
Selena Gomez,496,8,14,2015.0714285714287,2.585887311313698
Adele,636,6,12,2014.0,2.5584085962673253
2012,2352,4,105,2012.3714285714286,0.5760799700285819
Luke Bryan,333,6,8,2013.375,1.9226098333849673
fav888,392,5,37,2014.054054054054,0.9112246322012648
one direction,376,5,6,2014.1666666666667,1.4719601443879744
2014,4135,3,111,2014.3063063063064,0.6714000676035494
conan,486,7,22,2014.7727272727273,1.5715269548108202
Demi Lovato,343,6,9,2015.3333333333333,2.0615528128088303
2012 single,315,4,24,2012.75,0.7372097807744856
dj mustard,361,5,9,2014.0,1.118033988749895
trap,4418,6,71,2016.6338028169014,1.4266788268033892
kendrick lamar,383,4,6,2015.8333333333333,2.6394443859772205
IMAGINE DRAGONS,487,5,12,2015.4166666666667,2.4293034292807376
best of 2013,358,4,34,2013.3235294117646,0.5888143317638869
2013 single,423,3,31,2013.7096774193549,0.5884186937375333
EDM,679,6,27,2015.6296296296296,1.73533743444784
bbc radio1 playlist 2014,421,4,34,2014.264705882353,0.5672273623252055
Ed Sheeran,642,6,15,2016.0666666666666,1.6676187756655838
hunks,603,6,14,2015.7857142857142,1.4769288003552106
best of 2014,1184,2,47,2014.531914893617,0.5457768229098153
2014 single,921,3,53,2014.566037735849,0.5720890853927771
meghan trainor,306,3,7,2015.0,0.5773502691896257
Meyers,778,5,25,2015.4,1.118033988749895
bbc radio1 playlist 2015,737,2,44,2015.3636363636363,0.5322575478577881
best of 2015,1012,2,40,2015.45,0.5038314736557788
2015,3852,2,85,2015.3294117647058,0.4727889717037675
favorites 2015,614,2,24,2015.375,0.49453535504684026
2010s rap,920,4,23,2017.0869565217392,0.9493080483968247
The Weeknd,378,4,11,2016.090909090909,1.1361818036340359
2015 single,2211,2,61,2015.5901639344263,0.4958847036804647
best of 2016,662,3,24,2016.2916666666667,0.5500329370901873
tropical house,545,4,15,2016.7333333333333,0.8837151016885368
2016,2056,2,49,2016.2244897959183,0.510934850806546
bbc radio1 playlist 2016,1348,3,47,2016.1063829787233,0.560824027007755
music for people named mackenzie,436,3,13,2016.3846153846155,0.6504436355879909
cloud rap,369,4,9,2017.2222222222222,1.092906420717
alessia cara,353,4,5,2016.6,1.140175425099138
2016 single,1375,2,36,2016.4166666666667,0.5
colbert,600,3,11,2017.0,0.8944271909999159
Riverdale,421,3,9,2017.3333333333333,0.7071067811865476
post malone,400,3,7,2017.4285714285713,0.7867957924694432
best of 2017,676,2,24,2017.2916666666667,0.4643056214875365
2017 single,1819,2,46,2017.4565217391305,0.5036101551853349
bbc radio1 playlist 2017,484,2,16,2017.1875,0.4031128874149275
offset,301,2,4,2017.5,0.5773502691896257
quavo,491,2,8,2017.375,0.5175491695067657
emo rap,418,2,6,2017.6666666666667,0.5163977794943222
Khalid,367,2,5,2017.4,0.5477225575051661
2018,1235,2,29,2017.896551724138,0.30993404669460345
migos,401,2,6,2017.3333333333333,0.5163977794943222
sza,350,2,4,2017.5,0.5773502691896257
2018 single,1197,1,25,2018.0,0.0
